ac,A-AS,length,ppi,M10,M9,M8,M7,M6,M5,M4,M3,M2,M1,P1,P2,P3,P4,P5,P6,P7,P8,P9,P10
aaeg|AAEL021082,55-71,17,0,S,P,P,Q,G,Q,N,S,P,S,N,S,P,Y,F,P,A,A,A,L
cowc|A0A0D2WQW1,419-431,13,0,R,D,A,T,A,D,A,G,S,N,P,T,K,T,L,V,E,Q,H,L
crei|A0A2K3E486,176-190,15,0,P,L,N,G,G,G,A,N,G,G,R,N,G,S,P,T,R,Q,P,A
dmel|Q27237,456-465,10,0,A,G,A,S,E,E,P,G,A,G,G,S,G,A,S,K,P,G,P,G
cang|A0A1Y2H7U1,636-649,14,0,K,A,K,A,G,A,G,V,S,S,V,E,T,V,Q,N,L,M,Q,Q
crei|A0A2K3DY65,85-97,13,0,G,S,A,A,S,T,S,G,R,G,V,P,C,V,L,S,S,E,D,R
falb|A0A058ZDX6,250-259,10,0,S,A,A,P,A,P,T,T,G,S,S,S,-,-,-,-,-,-,-,-
osat|Q5JNJ6,28-42,15,0,K,V,A,P,S,P,S,T,R,R,S,D,S,K,A,R,F,E,A,Y
acas|ACA1_040720,1071-1084,14,0,D,R,H,G,H,R,S,E,R,G,Q,A,P,A,V,S,T,L,V,S
rtai|A0A2S5BCT2,302-311,10,0,I,A,Q,I,P,E,D,R,P,T,P,A,S,-,-,-,-,-,-,-
afum|Afu8g05680,28-37,10,0,S,M,E,R,K,V,L,D,K,N,S,S,K,I,H,A,P,P,P,P
dmel|Q27237,456-465,10,0,A,G,A,S,E,E,P,G,A,G,G,S,G,A,S,K,P,G,P,G
agam|AGAP001986,129-138,10,0,P,S,T,S,S,K,P,S,T,S,T,E,S,S,T,I,P,Q,E,D
agam|AGAP006888,503-515,13,0,S,E,G,S,P,E,R,D,Q,E,K,R,P,V,S,M,Y,E,T,R
agam|AGAP003140,2710-2728,19,0,T,H,Q,Q,P,S,Q,V,A,I,T,G,T,Q,L,P,R,P,T,S
agam|AGAP003560,1523-1535,13,0,K,V,D,D,R,E,H,E,E,Q,S,T,M,G,H,E,P,S,N,V
apro|A0A087STH6,200-210,11,0,E,Q,A,L,A,E,E,Q,A,E,L,K,L,Q,E,S,A,A,L,E
apro|A0A087SKZ7,83-97,15,0,R,E,K,R,M,L,A,W,R,Q,P,R,E,G,G,D,R,S,A,L
cowc|A0A0D2WSL0,262-272,11,0,T,P,P,P,Q,Q,G,N,T,T,G,S,D,E,E,T,Q,K,R,N
cowc|A0A0D2WV61,315-330,16,0,N,A,R,A,S,L,H,S,E,K,S,K,L,D,K,I,F,V,G,V
hsap|ENSG00000136379.11,60-69,10,0,R,G,A,G,A,S,A,P,A,P,Q,P,A,P,Q,Q,P,E,E,G
mbre|A9V210,169-180,12,0,P,N,P,E,P,S,G,D,G,D,G,S,D,G,D,G,D,K,G,P
phma|A0A2Y9TBP5,58-68,11,0,E,Q,R,G,P,G,A,P,A,P,Q,P,A,P,Q,Q,P,E,E,G
crei|A0A2K3E2V3,64-73,10,0,S,A,P,S,A,P,R,P,A,G,M,L,G,S,L,P,V,P,L,S
osat|A7LFZ6,4-14,11,0,-,-,-,-,-,-,-,M,G,D,G,P,S,S,T,R,G,E,P,K
osat|Q6K7G5,16-25,10,0,H,L,A,A,V,L,L,I,L,F,R,E,Q,S,T,Y,I,L,H,L
osat|Q94H95,20-29,10,0,I,L,A,V,A,A,V,A,L,V,V,G,G,E,R,R,T,Y,I,V
osat|Q0DG35,28-37,10,0,G,G,V,R,G,E,K,R,R,R,R,P,R,H,G,A,M,S,L,E
zmay|A0A1D6GTI9,18-27,10,0,L,V,V,V,A,A,L,L,A,T,G,A,L,P,S,E,V,A,V,G
zmay|A0A1D6KWW2,13-22,10,0,N,I,G,M,L,R,A,L,V,L,E,K,R,R,T,Y,I,V,H,M
zmay|A0A1D6L5J9,12-23,12,0,R,R,H,G,E,V,R,V,I,L,S,A,A,V,A,G,R,D,G,R
zmay|A0A1D6L5J9,12-23,12,0,R,R,H,G,E,V,R,V,I,L,S,A,A,V,A,G,R,D,G,R
btau|BOS_1770,460-469,10,0,L,E,Q,L,K,K,Q,Q,E,E,E,S,R,E,F,S,G,A,G,G
cfas|CFAC1_250017300,37-45,9,0,P,A,S,S,V,A,P,S,T,P,S,P,L,H,S,T,K,H,P,T
clup|A0A5F4CTN5,460-469,10,0,L,E,Q,L,K,K,Q,Q,E,E,E,S,R,E,F,S,G,A,G,G
ggal|E1BQT2,460-469,10,0,L,E,Q,L,K,K,Q,Q,E,E,D,S,R,D,Y,S,G,V,G,G
hsap|ENSG00000136531.13,460-469,10,0,L,E,Q,L,K,K,Q,Q,E,E,E,S,R,D,F,S,G,A,G,G
lafr|G3SNX4,460-469,10,0,L,E,Q,L,K,K,Q,Q,E,E,E,S,R,D,F,S,G,A,G,G
mmul|MACM_6326,460-469,10,0,L,E,Q,L,K,K,Q,Q,E,E,E,S,R,D,F,S,G,A,G,G
mmus|ENSMUSG00000075318.12,460-469,10,0,L,E,Q,L,K,K,Q,Q,E,E,E,S,R,D,F,S,G,A,G,G
bflo|C3XZ88,820-829,10,0,P,G,G,A,K,K,A,A,G,T,S,P,A,D,V,E,A,V,N,E
phma|A0A2Y9FQ21,460-469,10,0,L,E,Q,L,K,K,Q,Q,E,E,E,S,R,D,F,S,G,A,G,G
pmac|A0A194REN3,245-254,10,0,E,A,R,E,A,H,A,R,E,Q,E,A,H,P,A,K,S,P,S,D
tcas|A0A139WNT7,429-437,9,0,A,D,A,R,A,L,A,A,V,E,S,G,G,G,H,E,I,V,K,S
tcas|D6W7W6,462-475,14,0,A,D,A,R,A,A,A,A,V,E,G,C,D,N,D,Q,Y,I,I,K
falb|A0A058ZEY7,1054-1066,13,0,L,S,L,E,V,P,A,A,E,N,G,G,K,R,K,K,A,A,P,A
phma|A0A455AUT7,116-123,8,0,P,S,A,A,P,A,P,P,P,L,R,G,I,G,P,Q,A,P,A,P
bsal|BSAL_08215,125-134,10,0,K,P,D,A,P,A,P,A,S,S,P,A,A,S,A,P,V,A,A,A
cowc|A0A0D2WRZ1,56-83,28,0,T,V,Q,K,L,K,R,K,Q,D,D,L,D,P,L,S,A,M,L,A
btau|BOS_26437,108-129,22,0,A,F,R,E,K,L,A,Q,Q,Q,P,A,A,A,S,Q,Q,N,P,P
btau|BOS_2431,7-20,14,0,-,-,-,-,M,L,S,G,K,K,G,S,E,A,G,A,G,V,A,G
btau|BOS_2431,7-20,14,0,-,-,-,-,M,L,S,G,K,K,G,S,E,A,G,A,G,V,A,G
cang|A0A1Y2HT58,365-374,10,0,A,Q,P,L,T,S,G,P,P,G,Q,G,P,P,S,R,A,D,S,Q
crei|A0A2K3DXG2,280-289,10,0,G,E,A,C,H,A,V,P,P,P,K,Q,V,T,P,A,P,A,A,A
ppat|A9RIM7,191-200,10,0,A,Q,Q,A,A,T,K,S,V,Q,P,T,T,G,S,K,R,R,N,R
osat|Q0D8N4,34-44,11,0,A,A,V,R,P,P,R,A,S,G,V,E,E,D,G,K,V,R,L,G
rdel|RO3G_05700,618-627,10,0,F,L,E,E,I,L,T,T,S,L,D,N,K,R,K,S,V,I,R,K
clup|F1PV34,54-62,9,0,G,E,S,S,M,V,P,G,R,D,W,G,R,R,L,P,R,A,W,L
clup|J9NXQ2,91-106,16,0,H,S,E,L,L,G,R,H,H,H,Q,T,P,L,A,F,S,P,D,H
locu|W5NFY3,37-45,9,0,A,V,A,A,T,P,A,G,P,G,G,G,S,G,S,G,S,S,G,P
clup|A0A5F4CG76,7-20,14,0,-,-,-,-,M,L,S,G,K,K,G,T,E,A,G,P,G,A,A,G
clup|F1PL79,87-96,10,0,E,A,G,R,D,P,G,R,R,E,P,G,A,Q,G,G,V,F,P,G
clup|A0A5F4CG76,7-20,14,0,-,-,-,-,M,L,S,G,K,K,G,T,E,A,G,P,G,A,A,G
clup|F1PL79,87-96,10,0,E,A,G,R,D,P,G,R,R,E,P,G,A,Q,G,G,V,F,P,G
clup|F6Y1U6,63-71,9,0,V,S,T,N,E,C,K,A,R,R,P,T,A,A,P,A,A,Q,E,S
cowc|A0A0D2WRZ1,56-83,28,0,T,V,Q,K,L,K,R,K,Q,D,D,L,D,P,L,S,A,M,L,A
cowc|A0A0D2WRZ1,56-83,28,0,T,V,Q,K,L,K,R,K,Q,D,D,L,D,P,L,S,A,M,L,A
cowc|A0A0D2WQW1,419-431,13,0,R,D,A,T,A,D,A,G,S,N,P,T,K,T,L,V,E,Q,H,L
cowc|A0A0D2WRZ1,56-83,28,0,T,V,Q,K,L,K,R,K,Q,D,D,L,D,P,L,S,A,M,L,A
cowc|A0A0D2WRZ1,56-83,28,0,T,V,Q,K,L,K,R,K,Q,D,D,L,D,P,L,S,A,M,L,A
cowc|A0A0D2WRZ1,56-83,28,0,T,V,Q,K,L,K,R,K,Q,D,D,L,D,P,L,S,A,M,L,A
cowc|A0A0D2WRZ1,56-83,28,0,T,V,Q,K,L,K,R,K,Q,D,D,L,D,P,L,S,A,M,L,A
cowc|A0A0D2WRZ1,56-83,28,0,T,V,Q,K,L,K,R,K,Q,D,D,L,D,P,L,S,A,M,L,A
cowc|A0A0D2WRZ1,56-83,28,0,T,V,Q,K,L,K,R,K,Q,D,D,L,D,P,L,S,A,M,L,A
cowc|A0A0D2WL93,70-84,15,0,V,A,G,A,A,T,T,T,T,T,G,G,S,G,S,G,S,S,G,S
cowc|A0A0D2VXF2,840-857,18,0,A,E,D,K,K,K,A,A,A,P,S,T,S,A,A,A,G,A,P,V
cowc|A0A0D2WRZ1,56-83,28,0,T,V,Q,K,L,K,R,K,Q,D,D,L,D,P,L,S,A,M,L,A
cowc|A0A0D2WYR0,32-42,11,0,D,D,A,G,V,R,A,R,K,T,S,S,E,R,A,C,K,D,S,T
cowc|A0A0D2WW26,91-105,15,0,I,A,E,E,K,A,S,G,A,G,K,G,A,K,G,K,E,P,A,A
cowc|A0A0D2WQW1,419-431,13,0,R,D,A,T,A,D,A,G,S,N,P,T,K,T,L,V,E,Q,H,L
cowc|A0A0D2WRZ1,56-83,28,0,T,V,Q,K,L,K,R,K,Q,D,D,L,D,P,L,S,A,M,L,A
cowc|A0A0D2X2X6,51-62,12,0,M,P,F,V,Q,R,A,Q,S,T,T,A,A,A,S,V,A,T,T,T
cowc|A0A0D2WRZ1,56-83,28,0,T,V,Q,K,L,K,R,K,Q,D,D,L,D,P,L,S,A,M,L,A
cowc|A0A0D2WRZ1,56-83,28,0,T,V,Q,K,L,K,R,K,Q,D,D,L,D,P,L,S,A,M,L,A
cowc|A0A0D2WRZ1,56-83,28,0,T,V,Q,K,L,K,R,K,Q,D,D,L,D,P,L,S,A,M,L,A
cowc|A0A0D2WRZ1,56-83,28,0,T,V,Q,K,L,K,R,K,Q,D,D,L,D,P,L,S,A,M,L,A
cowc|A0A0D2WRZ1,56-83,28,0,T,V,Q,K,L,K,R,K,Q,D,D,L,D,P,L,S,A,M,L,A
cowc|A0A0D2WRZ1,56-83,28,0,T,V,Q,K,L,K,R,K,Q,D,D,L,D,P,L,S,A,M,L,A
cqui|CPIJ007500,661-671,11,0,P,S,I,A,V,K,T,E,S,N,S,S,S,A,S,A,L,S,P,A
mcom|C1E3M4,449-458,10,0,E,A,K,V,V,A,D,T,T,G,G,G,K,K,G,G,S,R,K,G
crei|A0A2K3DUR3,268-276,9,0,N,G,A,L,T,G,D,V,P,P,T,G,R,S,G,A,V,S,A,G
dmel|Q9VM14,173-183,11,0,A,A,F,A,N,F,K,D,D,G,P,A,P,A,P,A,A,A,A,A
ggal|A0A1D5NXL1,108-116,9,0,A,Y,R,D,K,L,A,Q,Q,Q,T,N,Q,Q,G,S,A,K,N,G
hsap|ENSG00000177565.15,108-118,11,0,A,Y,R,D,K,L,A,Q,Q,Q,S,Q,Q,G,S,A,K,N,G,E
lafr|G3TMD6,108-117,10,0,A,Y,R,D,K,L,A,Q,Q,Q,T,N,Q,Q,G,S,T,K,N,G
lafr|G3TNE0,108-128,21,0,A,F,R,E,K,L,A,Q,Q,Q,T,P,A,A,A,V,S,Q,Q,N
locu|W5LYJ3,108-122,15,0,A,Y,R,D,K,L,A,Q,Q,Q,N,Q,Q,G,V,A,K,N,G,E
mluc|G1P8L4,107-116,10,0,A,Y,R,D,K,L,A,Q,Q,Q,T,N,Q,Q,G,S,A,K,N,G
mmul|MACM_79718,108-118,11,0,A,Y,R,D,K,L,A,Q,Q,Q,S,Q,Q,G,S,A,K,N,G,E
mmus|ENSMUSG00000025246.13,108-121,14,0,A,F,R,E,K,L,A,Q,Q,Q,T,S,T,A,A,T,T,P,A,A
mmus|ENSMUSG00000027630.13,108-117,10,0,A,Y,R,D,K,L,A,Q,Q,H,T,N,Q,Q,G,S,A,K,N,G
phma|A0A455BTG5,139-148,10,0,A,Y,R,D,K,L,A,Q,Q,Q,T,N,Q,Q,G,S,A,K,N,G
gmor|GMOY005523,286-303,18,0,S,L,N,K,R,G,S,P,I,S,D,I,Q,I,R,P,F,S,L,E
mbre|A9VC28,87-97,11,0,A,D,A,A,P,S,N,A,S,E,D,G,S,A,A,S,S,S,P,A
drer|B3DIV6,339-348,10,0,A,A,P,A,A,P,I,P,A,P,R,K,G,R,V,F,A,S,P,L
ecol|P06959,94-105,12,0,A,P,A,Q,A,E,E,K,K,E,K,D,V,N,V,P,D,I,G,S
gaur|C1A5L2,159-169,11,0,V,V,D,A,L,R,T,P,Q,P,P,A,K,A,P,T,S,A,A,G
gmor|GMOY010141,30-41,12,0,S,Y,H,P,L,L,D,A,A,N,H,G,G,V,S,D,I,Y,T,S
hsap|ENSG00000004487.15,7-18,12,0,-,-,-,-,M,L,S,G,K,K,T,G,T,E,A,G,P,G,T,A
hsap|ENSG00000004487.15,7-18,12,0,-,-,-,-,M,L,S,G,K,K,T,G,T,E,A,G,P,G,T,A
lafr|G3U1W5,97-105,9,0,A,S,S,S,T,S,A,S,S,C,L,T,G,L,S,A,L,P,V,A
lafr|G3T0Z2,7-22,16,0,-,-,-,-,M,L,S,G,K,K,G,T,E,A,G,S,G,A,A,G
lafr|G3T0Z2,7-22,16,0,-,-,-,-,M,L,S,G,K,K,G,T,E,A,G,S,G,A,A,G
vbra|Vbra_11463,928-937,10,0,G,G,A,V,V,A,R,G,V,S,G,G,G,A,A,T,N,R,P,T
mbre|A9VC28,87-97,11,0,A,D,A,A,P,S,N,A,S,E,D,G,S,A,A,S,S,S,P,A
mcom|C1FH79,88-96,9,0,C,A,K,F,A,D,F,T,P,G,P,R,A,A,P,S,G,S,R,V
mmul|MACM_23028,7-19,13,0,-,-,-,-,M,L,S,G,K,K,G,T,E,A,G,P,G,T,A,G
mmul|MACM_23028,7-19,13,0,-,-,-,-,M,L,S,G,K,K,G,T,E,A,G,P,G,T,A,G
mmus|ENSMUSG00000036940.15,7-20,14,0,-,-,-,-,M,L,S,G,K,K,G,T,E,A,G,S,G,A,A,G
mmus|ENSMUSG00000036940.15,7-20,14,0,-,-,-,-,M,L,S,G,K,K,G,T,E,A,G,S,G,A,A,G
ncra|NCU03357,58-69,12,0,T,P,Q,P,G,T,E,T,P,P,S,S,S,K,I,E,D,K,A,P
phma|A0A2Y9SQT1,7-21,15,0,-,-,-,-,M,L,S,G,K,K,G,S,E,A,G,A,G,A,A,G
osat|Q2QTN7,43-52,10,0,L,L,A,A,G,P,P,P,A,D,R,R,R,S,P,P,A,S,P,H
zmay|Q29VN2,29-40,12,0,S,S,S,F,V,E,P,L,L,L,N,S,H,H,Q,V,R,Q,R,G
zmay|A0A1D6EWT3,126-135,10,0,N,G,T,N,L,W,W,S,S,V,Y,S,A,V,A,A,V,L,L,D
phma|A0A2Y9SQT1,7-21,15,0,-,-,-,-,M,L,S,G,K,K,G,S,E,A,G,A,G,A,A,G
vbra|Vbra_12057,244-251,8,0,H,G,Q,Q,H,Q,P,P,S,S,S,G,D,A,S,S,D,H,P,I
vbra|Vbra_3298,17-34,18,0,P,A,A,A,A,A,A,E,E,P,S,G,M,S,H,A,D,R,D,E
aaeg|AAEL006012,182-194,13,0,I,A,A,A,T,G,G,P,M,P,W,P,I,V,E,P,V,F,H,F
cowc|A0A0D2UQX2,103-113,11,0,I,Q,N,M,H,P,S,I,K,N,S,T,S,T,A,R,A,A,S,S
falb|A0A058ZHK8,118-134,17,0,V,E,I,D,V,P,E,T,G,G,F,T,A,T,S,V,A,E,A,V
aaeg|AAEL019447,1411-1419,9,0,L,A,A,K,Q,P,K,E,D,Q,T,E,K,A,Q,E,Q,P,K,E
aaeg|AAEL018039,906-916,11,0,V,D,P,T,S,S,S,S,S,T,L,M,S,G,G,S,S,F,T,S
acas|ACA1_295800,119-127,9,0,V,D,I,L,L,D,A,S,E,S,P,S,P,S,S,S,S,S,S,S
clup|F1PWD8,2725-2734,10,0,R,R,G,R,R,P,K,S,E,I,S,T,S,G,I,N,P,L,L,V
cmer|M1VAH5,1718-1727,10,0,G,S,T,G,L,E,H,R,S,S,S,L,D,M,V,T,A,S,A,G
cowc|A0A0D2WGZ6,207-218,12,0,A,T,S,A,S,S,A,S,S,S,S,D,A,L,S,L,A,T,P,A
acas|ACA1_295800,119-127,9,0,V,D,I,L,L,D,A,S,E,S,P,S,P,S,S,S,S,S,S,S
mbre|A9VC28,87-97,11,0,A,D,A,A,P,S,N,A,S,E,D,G,S,A,A,S,S,S,P,A
bgla|BGLB026196,267-276,10,0,K,S,F,K,S,G,N,S,N,V,V,S,I,P,T,S,S,N,K,S
agam|AGAP011149,47-60,14,0,G,G,S,S,S,S,G,P,S,S,T,E,S,G,G,K,N,P,L,N
agam|AGAP003402,795-815,21,0,A,S,L,D,P,N,C,L,S,H,N,N,N,G,L,Q,A,S,S,S
agam|AGAP011149,47-60,14,0,G,G,S,S,S,S,G,P,S,S,T,E,S,G,G,K,N,P,L,N
falb|A0A058ZHK8,118-134,17,0,V,E,I,D,V,P,E,T,G,G,F,T,A,T,S,V,A,E,A,V
agam|AGAP002943,38-50,13,0,G,G,G,E,S,D,G,D,P,T,S,A,I,A,G,V,S,V,A,L
cowc|A0A0D2WQW1,419-431,13,0,R,D,A,T,A,D,A,G,S,N,P,T,K,T,L,V,E,Q,H,L
apro|A0A087SKZ7,83-97,15,0,R,E,K,R,M,L,A,W,R,Q,P,R,E,G,G,D,R,S,A,L
sneu|SN3_00300125,81-95,15,0,L,S,P,R,A,L,P,V,S,S,R,C,A,L,S,S,R,F,S,T
cowc|A0A0D2WQW1,419-431,13,0,R,D,A,T,A,D,A,G,S,N,P,T,K,T,L,V,E,Q,H,L
btau|BOS_18403,58-73,16,0,L,A,K,P,L,P,D,P,G,L,G,L,H,V,S,A,L,G,P,H
bpli|A0A3M7QMR2,586-597,12,0,K,N,A,K,R,K,K,K,E,I,D,K,D,K,S,K,K,Y,K,E
clup|Q863A2,58-73,16,0,L,A,K,P,L,P,D,P,G,L,G,L,H,V,S,A,L,G,P,H
hsap|ENSG00000121068.13,58-73,16,0,L,A,K,P,L,P,D,P,G,L,G,L,H,V,S,A,L,G,P,H
mmul|MACM_6909,58-73,16,0,L,A,K,P,L,P,D,P,G,L,G,L,H,V,S,A,L,G,P,H
phma|A0A2Y9SZP6,58-73,16,0,L,A,K,P,L,P,D,P,G,L,G,L,H,V,S,A,L,G,P,H
bpli|A0A3M7QPZ7,560-569,10,0,A,G,Q,V,G,S,S,A,S,S,S,L,N,N,K,K,L,A,S,V
bsal|BSAL_50035,936-947,12,0,P,K,K,P,P,V,P,F,T,S,N,S,S,S,L,A,M,K,T,P
btau|BOS_18649,71-83,13,0,V,H,P,V,Q,Q,H,T,S,S,M,L,N,P,G,Q,Q,Q,P,Y
btau|BOS_6096,19-27,9,0,M,F,A,P,E,P,S,S,P,G,R,L,H,G,G,F,D,S,D,C
btau|BOS_1050,108-117,10,0,A,Y,R,D,K,L,A,Q,Q,Q,T,N,Q,Q,G,S,A,K,N,G
btau|BOS_26437,108-129,22,0,A,F,R,E,K,L,A,Q,Q,Q,P,A,A,A,S,Q,Q,N,P,P
cang|A0A1Y2I6E6,124-145,22,0,A,D,V,S,K,F,E,S,F,S,P,L,R,R,L,L,H,L,R,L
cang|A0A1Y2I6E6,124-145,22,0,A,D,V,S,K,F,E,S,F,S,P,L,R,R,L,L,H,L,R,L
cang|A0A1Y2HEZ9,449-461,13,0,P,A,L,S,G,E,A,V,A,Q,Q,T,A,A,A,G,S,E,G,G
cbra|A0A388K3F3,23-36,14,0,P,V,N,R,H,S,F,S,F,S,G,G,G,G,D,V,N,R,C,L
crei|A0A2K3DX56,232-241,10,0,V,N,R,T,E,A,A,R,D,R,V,S,G,L,K,G,S,G,G,G
falb|A0A058Z4C7,51-60,10,0,K,A,P,A,T,P,E,P,T,S,V,S,E,F,S,S,P,L,D,G
cbra|A0A388LRU6,439-453,15,0,P,Q,G,M,N,G,P,S,S,S,G,R,G,P,V,A,S,G,P,I
ccin|CC1G_03004,1784-1795,12,0,K,P,A,A,P,G,G,L,S,I,G,P,K,R,P,R,D,E,S,D
ccor|A0A137PJ16,394-403,10,0,L,N,H,Y,K,S,F,N,G,D,Q,P,L,I,E,E,A,E,D,D
cowc|A0A0D2UHL3,661-670,10,0,L,S,M,L,F,S,E,E,R,V,L,K,G,T,E,K,G,R,S,N
cfas|CFAC1_120009500,365-376,12,0,S,G,A,S,P,A,T,R,R,S,G,G,G,A,Q,L,G,G,L,L
cfas|CFAC1_250040100,195-209,15,0,D,V,E,A,A,A,K,S,G,T,P,K,A,A,A,A,A,P,A,K
cfas|CFAC1_250040100,212-221,10,0,A,A,A,A,A,A,P,A,P,K,P,A,K,A,K,A,A,P,A,A
cfas|CFAC1_060009100,91-99,9,0,D,G,R,Q,S,V,S,Q,V,S,N,G,S,S,G,G,G,V,V,H
clup|E2QWQ2,71-83,13,0,V,H,P,V,Q,Q,H,T,S,S,M,L,N,P,G,Q,Q,Q,P,Y
clup|A0A5F4C329,109-127,19,0,F,R,E,K,L,A,Q,Q,Q,Q,P,A,A,V,A,Q,Q,H,P,P
clup|A0A5F4D1U3,245-253,9,0,G,A,G,G,C,E,E,G,P,S,E,R,I,S,G,G,A,G,A,E
crei|A0A2K3DE29,820-829,10,0,G,A,P,E,D,D,T,G,D,D,E,R,E,A,R,A,A,A,A,A
cmer|M1VAH5,1718-1727,10,0,G,S,T,G,L,E,H,R,S,S,S,L,D,M,V,T,A,S,A,G
cmer|M1VGI1,1161-1171,11,0,L,R,R,Y,A,W,S,S,T,T,E,A,P,R,T,T,G,D,R,S
cmer|M1VAH5,1718-1727,10,0,G,S,T,G,L,E,H,R,S,S,S,L,D,M,V,T,A,S,A,G
cmer|M1VAH5,1718-1727,10,0,G,S,T,G,L,E,H,R,S,S,S,L,D,M,V,T,A,S,A,G
cowc|A0A0D2WQP0,517-526,10,0,A,A,G,A,P,A,A,S,A,N,K,P,A,A,S,K,K,P,A,T
dmel|P29993,1116-1124,9,0,T,D,P,L,D,S,A,E,S,V,T,T,A,R,Q,K,N,I,D,L
cowc|A0A0D2U683,60-76,17,0,A,V,S,V,S,P,E,G,A,D,T,P,S,A,T,S,T,A,A,A
gmor|GMOY003374,77-90,14,0,K,W,P,G,A,V,T,N,T,Y,N,N,M,F,G,S,N,S,S,L
cowc|A0A0D2UHL3,661-670,10,0,L,S,M,L,F,S,E,E,R,V,L,K,G,T,E,K,G,R,S,N
hrob|T1EG93,416-425,10,0,L,S,I,E,P,A,A,T,T,P,T,S,F,K,I,S,N,N,N,D
cowc|A0A0D2WMW9,218-233,16,0,A,S,S,Q,P,G,A,V,P,P,T,T,R,P,T,L,P,G,L,S
cowc|A0A0D2WQW1,419-431,13,0,R,D,A,T,A,D,A,G,S,N,P,T,K,T,L,V,E,Q,H,L
cowc|A0A0D2WJU5,91-100,10,0,P,A,A,P,S,I,V,V,S,P,P,L,G,T,L,D,Q,V,G,A
crei|A0A2K3E0J5,777-796,20,0,D,I,N,D,P,L,P,A,P,G,D,P,E,K,V,S,T,L,A,G
falb|A0A058Z429,720-732,13,0,R,P,S,G,A,A,G,G,K,P,S,Q,-,-,-,-,-,-,-,-
cqui|CPIJ014802,49-58,10,0,D,K,S,I,T,V,T,P,S,S,V,H,Q,N,N,N,Y,Q,S,N
dmel|Q9W4E2,489-504,16,0,L,A,G,S,S,S,T,G,T,T,G,T,T,A,A,A,T,S,A,A
cqui|CPIJ002045,14-24,11,0,S,S,N,G,S,G,G,G,G,G,T,T,G,S,N,K,T,L,G,M
crei|A0A2K3D4J8,118-142,25,0,G,G,R,S,K,G,Q,Q,P,S,Q,A,Q,A,A,A,Q,A,Q,T
crei|A0A2K3E2G1,147-160,14,0,P,A,P,A,P,A,V,E,G,S,P,A,D,G,P,L,P,P,R,P
crei|A0A2K3DXQ0,446-456,11,0,L,P,H,E,V,G,G,P,K,P,E,A,E,A,A,D,E,A,A,E
crei|A0A2K3D9M6,56-70,15,0,A,A,A,P,A,A,T,A,V,P,V,A,A,A,G,S,A,A,A,V
crei|A0A2K3E7C0,1504-1512,9,0,S,A,A,A,G,G,S,G,G,E,D,G,T,P,A,A,A,E,A,G
crei|A0A2K3DDH3,1339-1351,13,0,R,H,L,G,D,G,A,A,W,P,L,P,L,P,D,L,E,M,Q,R
crei|A0A2K3E0J5,777-796,20,0,D,I,N,D,P,L,P,A,P,G,D,P,E,K,V,S,T,L,A,G
crei|A0A2K3DBM5,333-344,12,0,K,S,F,I,A,D,P,N,G,K,S,A,S,P,A,A,A,V,A,A
crei|A0A2K3DWB3,57-73,17,0,E,R,L,P,G,A,M,T,G,Q,S,A,G,T,P,A,K,G,E,K
falb|A0A058ZBX0,478-488,11,0,A,P,A,P,V,D,T,V,T,E,E,D,P,S,T,G,K,M,A,E
mbre|A9VC28,87-97,11,0,A,D,A,A,P,S,N,A,S,E,D,G,S,A,A,S,S,S,P,A
ddis|Q54XP6,432-442,11,0,R,L,A,A,K,E,E,K,K,K,L,I,P,T,T,D,P,T,T,T
vbra|Vbra_14156,386-395,10,0,G,I,T,V,P,G,G,I,S,K,S,G,M,H,H,S,K,S,E,K
falb|A0A058ZHK8,118-134,17,0,V,E,I,D,V,P,E,T,G,G,F,T,A,T,S,V,A,E,A,V
hsap|ENSG00000187954.12,34-43,10,0,V,G,V,G,V,G,A,G,P,G,L,G,E,A,A,G,P,G,L,P
dmel|P25822,934-946,13,0,A,A,A,N,A,V,N,S,T,V,R,G,K,W,P,G,A,M,S,G
gmor|GMOY005621,61-78,18,0,S,I,V,G,G,D,F,S,G,H,L,G,V,Q,P,T,T,L,L,A
drer|E7F1L8,72-85,14,0,A,A,A,V,H,P,V,Q,Q,H,V,M,L,N,P,S,Q,Q,Q,P
falb|A0A058ZHK8,118-134,17,0,V,E,I,D,V,P,E,T,G,G,F,T,A,T,S,V,A,E,A,V
falb|A0A058ZHK8,118-134,17,0,V,E,I,D,V,P,E,T,G,G,F,T,A,T,S,V,A,E,A,V
falb|A0A058ZHK8,202-218,17,0,I,L,A,F,V,S,G,G,A,P,P,V,T,P,A,A,P,P,K,P
ggal|A0A3Q2U4M7,68-83,16,0,A,P,A,V,H,P,V,Q,Q,H,M,L,N,P,G,Q,Q,Q,P,Y
phma|A0A2Y9THV2,21-30,10,0,S,P,S,V,S,A,R,K,A,R,P,S,K,M,P,A,R,T,A,P
phma|A0A2Y9S5Y3,98-110,13,0,H,S,E,L,L,G,R,H,H,H,Q,T,P,L,A,F,S,P,D,H
ggal|A0A1D5NXL1,108-116,9,0,A,Y,R,D,K,L,A,Q,Q,Q,T,N,Q,Q,G,S,A,K,N,G
gmor|GMOY001258,26-34,9,0,V,K,Y,K,P,P,P,S,K,K,N,K,S,N,Y,D,W,R,V,L
hsap|ENSG00000087095.12,71-83,13,0,V,H,P,V,Q,Q,H,T,S,S,M,L,N,P,G,Q,Q,Q,P,Y
isca|ISCW008722,376-384,9,0,A,A,A,G,A,A,A,S,S,S,G,G,P,S,G,T,G,Q,P,T
lafr|G3TC07,71-83,13,0,V,H,P,V,Q,Q,H,T,S,S,M,L,N,P,G,Q,Q,Q,S,Y
mluc|G1PBZ9,71-83,13,0,V,H,P,V,Q,Q,H,T,S,S,M,L,N,P,G,Q,Q,Q,P,Y
mmul|MACM_51701,71-83,13,0,V,H,P,V,Q,Q,H,T,S,S,M,L,N,P,G,Q,Q,Q,P,Y
mmus|ENSMUSG00000017376.15,71-83,13,0,V,H,P,V,Q,Q,H,T,S,S,M,L,N,P,G,Q,Q,Q,P,Y
phma|A0A455C374,71-83,13,0,V,H,P,V,Q,Q,H,T,S,S,M,L,N,P,G,Q,Q,Q,P,Y
hsap|ENSG00000049618.21,336-350,15,0,G,G,G,A,G,A,G,G,A,G,G,G,G,G,G,G,G,Y,G,G
locu|W5NFY3,37-45,9,0,A,V,A,A,T,P,A,G,P,G,G,G,S,G,S,G,S,S,G,P
hsap|ENSG00000100226.15,28-36,9,0,M,F,A,P,E,P,S,S,P,G,R,L,H,G,G,F,D,S,D,C
hsap|ENSG00000101849.15,159-175,17,0,A,F,R,E,K,L,A,Q,Q,Q,T,T,T,S,A,G,V,S,H,Q
hsap|ENSG00000177565.15,108-118,11,0,A,Y,R,D,K,L,A,Q,Q,Q,S,Q,Q,G,S,A,K,N,G,E
locu|W5NFY3,37-45,9,0,A,V,A,A,T,P,A,G,P,G,G,G,S,G,S,G,S,S,G,P
mmus|ENSMUSG00000069729.13,278-302,25,0,G,G,G,G,A,G,G,A,G,G,G,G,G,G,G,G,G,Y,G,S
phma|A0A455BRZ5,336-351,16,0,G,G,G,G,G,G,G,G,A,G,G,G,G,G,G,G,G,Y,G,G
lafr|G3TMD6,108-117,10,0,A,Y,R,D,K,L,A,Q,Q,Q,T,N,Q,Q,G,S,T,K,N,G
lafr|G3TNE0,108-128,21,0,A,F,R,E,K,L,A,Q,Q,Q,T,P,A,A,A,V,S,Q,Q,N
mmus|ENSMUSG00000069378.13,98-107,10,0,S,T,S,A,S,S,A,S,S,C,G,L,S,A,L,P,V,A,Q,M
locu|W5MCP8,831-840,10,0,A,E,Q,E,R,E,A,E,E,E,G,P,E,G,E,R,E,E,T,E
locu|W5LYJ3,108-122,15,0,A,Y,R,D,K,L,A,Q,Q,Q,N,Q,Q,G,V,A,K,N,G,E
trub|A0A3B5KBZ6,108-129,22,0,A,F,F,S,A,A,G,P,G,V,S,T,S,S,A,A,G,A,S,S
mluc|G1PPJ6,571-579,9,0,K,A,G,S,P,P,L,V,H,S,S,S,S,H,S,M,E,S,F,R
mluc|G1PPJ6,571-579,9,0,K,A,G,S,P,P,L,V,H,S,S,S,S,H,S,M,E,S,F,R
mluc|G1P8L4,107-116,10,0,A,Y,R,D,K,L,A,Q,Q,Q,T,N,Q,Q,G,S,A,K,N,G
mluc|G1Q2B5,41-64,24,0,A,F,R,E,K,L,A,Q,Q,Q,T,A,A,T,T,A,T,V,T,P
rvar|A0A1D1V0R5,884-895,12,0,P,G,K,K,P,G,P,K,K,G,G,G,G,T,A,S,S,G,G,L
mmul|MACM_9567,28-36,9,0,M,F,A,P,E,P,S,S,P,G,R,L,H,G,G,F,D,S,D,C
mmul|MACM_79718,108-118,11,0,A,Y,R,D,K,L,A,Q,Q,Q,S,Q,Q,G,S,A,K,N,G,E
mmus|ENSMUSG00000027630.13,108-117,10,0,A,Y,R,D,K,L,A,Q,Q,H,T,N,Q,Q,G,S,A,K,N,G
ncra|NCU10733,1272-1285,14,0,R,P,Q,V,L,L,A,E,R,E,N,N,D,V,G,G,R,G,G,V
ncra|NCU05267,444-453,10,0,R,K,I,D,P,V,E,A,A,E,D,D,Q,S,I,A,I,A,N,K
ncra|NCU06544,670-679,10,0,P,D,R,T,S,T,S,S,T,T,P,K,H,S,S,Q,P,S,Q,A
nmen|Q9JZ11,207-216,10,0,A,A,P,A,A,A,P,P,P,T,P,S,A,P,A,A,A,K,I,D
phma|A0A2Y9FS67,95-102,8,0,I,G,C,D,L,E,R,S,E,E,E,E,E,A,A,P,G,A,E,G
olat|H2M029,1704-1715,12,0,D,A,N,S,E,V,Q,Q,Q,P,N,K,P,R,G,S,R,C,R,S
olat|H2M029,1704-1715,12,0,D,A,N,S,E,V,Q,Q,Q,P,N,K,P,R,G,S,R,C,R,S
olat|H2M029,1704-1715,12,0,D,A,N,S,E,V,Q,Q,Q,P,N,K,P,R,G,S,R,C,R,S
osat|Q6ERL4,33-43,11,0,A,R,A,L,S,T,A,A,V,T,E,E,E,A,M,T,I,K,G,V
phma|A0A2Y9SW98,28-36,9,0,M,F,A,P,E,P,S,S,P,G,R,L,H,S,G,F,D,S,D,C
phma|A0A2Y9FS67,95-102,8,0,I,G,C,D,L,E,R,S,E,E,E,E,E,A,A,P,G,A,E,G
phma|A0A2Y9ST59,227-239,13,0,A,A,A,A,L,S,L,P,L,G,G,S,Q,A,A,A,L,E,G,H
phma|A0A455BTG5,139-148,10,0,A,Y,R,D,K,L,A,Q,Q,Q,T,N,Q,Q,G,S,A,K,N,G
phma|A0A2Y9SH20,84-97,14,0,Q,E,A,L,S,T,N,E,C,K,P,S,A,A,P,A,A,Q,E,S
pram|PSURA_71589,129-140,12,0,A,A,P,A,A,A,P,A,A,P,S,G,R,V,F,A,S,P,L,A
pult|PYU1_G010008,302-313,12,0,A,A,K,A,A,S,P,A,A,P,P,V,S,T,G,R,Y,S,R,N
sneu|SN3_00401225,47-57,11,0,D,A,E,M,H,G,V,P,E,T,I,P,P,A,S,S,L,E,Q,Q
vbra|Vbra_9254,307-317,11,0,S,A,L,V,D,A,Q,G,D,S,G,A,A,Q,E,A,S,S,A,Q
vbra|Vbra_2611,188-198,11,0,P,P,E,T,P,K,A,K,G,K,V,R,N,G,G,A,D,G,G,A
vbra|Vbra_4940,1581-1589,9,0,P,K,K,A,A,D,K,E,K,P,V,V,G,K,K,K,K,R,E,D
cqui|CPIJ009721,82-96,15,0,G,L,L,E,R,E,E,K,R,C,V,P,G,K,D,G,E,D,G,G
dmel|A0A0B4KGW2,377-391,15,0,T,S,S,S,L,L,H,Y,T,T,N,N,S,V,L,R,A,R,N,Q
aaeg|AAEL018039,906-916,11,0,V,D,P,T,S,S,S,S,S,T,L,M,S,G,G,S,S,F,T,S
aaeg|AAEL007539,57-65,9,0,N,I,K,Q,E,L,F,E,G,T,D,K,G,T,A,N,P,C,D,S
aaeg|AAEL005356,537-545,9,0,S,D,S,G,L,S,I,S,S,I,N,T,S,G,G,G,G,G,G,G
aaeg|AAEL027786,1949-1959,11,0,G,F,Q,G,T,T,L,P,G,F,N,F,R,P,T,F,S,V,P,G
hrob|T1G9I9,255-264,10,0,Y,Q,T,S,S,S,A,A,A,T,T,A,V,T,S,S,L,S,S,T
mmul|MACM_80205,2624-2636,13,0,R,R,G,R,R,P,K,S,G,I,T,S,V,S,G,N,P,L,L,A
nmen|Q9JZ11,207-216,10,0,A,A,P,A,A,A,P,P,P,T,P,S,A,P,A,A,A,K,I,D
phma|A0A2Y9T012,2763-2772,10,0,R,R,G,R,R,P,K,S,E,I,S,T,S,G,I,N,P,L,L,V
tcas|D6WL05,4042-4051,10,0,K,N,L,R,S,S,A,S,R,S,E,Q,A,A,A,K,Q,A,E,A
agam|AGAP003643,3971-3995,25,0,H,Q,A,N,S,A,G,S,G,S,S,S,I,G,P,L,G,S,Y,F
agam|AGAP008858,945-953,9,0,K,A,S,Q,L,Q,Q,Q,Q,Q,Q,Q,Q,L,Q,Q,A,Q,Q,A
hsap|ENSG00000187954.12,34-43,10,0,V,G,V,G,V,G,A,G,P,G,L,G,E,A,A,G,P,G,L,P
agam|AGAP011138,2225-2234,10,0,M,A,T,G,S,E,S,S,P,S,P,S,S,G,T,R,L,S,N,G
apis|J9JZG8,4171-4180,10,0,N,V,E,R,K,N,L,R,S,N,R,T,K,S,H,S,P,S,P,S
apis|J9JZG8,4171-4180,10,0,N,V,E,R,K,N,L,R,S,N,R,T,K,S,H,S,P,S,P,S
falb|A0A058ZCV4,508-523,16,0,S,A,A,G,V,R,P,L,P,N,S,I,T,K,P,A,A,S,S,G
cele|O61845,2492-2505,14,0,P,A,P,Q,K,E,S,T,S,S,L,A,A,A,Q,Q,Q,Q,Q,Q
hsap|ENSG00000049618.21,336-350,15,0,G,G,G,A,G,A,G,G,A,G,G,G,G,G,G,G,G,Y,G,G
mluc|G1PPJ6,571-579,9,0,K,A,G,S,P,P,L,V,H,S,S,S,S,H,S,M,E,S,F,R
mmus|ENSMUSG00000069729.13,278-302,25,0,G,G,G,G,A,G,G,A,G,G,G,G,G,G,G,G,G,Y,G,S
phma|A0A455BRZ5,336-351,16,0,G,G,G,G,G,G,G,G,A,G,G,G,G,G,G,G,G,Y,G,G
btau|BOS_7204,1307-1315,9,0,R,Q,E,Q,Q,Q,Q,Q,Q,Q,P,Q,A,R,S,S,Q,P,Q,S
cowc|A0A0D2WJV9,95-104,10,0,M,S,S,L,S,A,P,V,R,S,T,T,A,T,A,A,D,A,A,T
crei|A0A2K3D464,817-825,9,0,P,P,P,P,P,L,P,P,G,G,G,G,P,A,T,G,M,T,S,R
cele|O61845,2492-2505,14,0,P,A,P,Q,K,E,S,T,S,S,L,A,A,A,Q,Q,Q,Q,Q,Q
cele|O61845,2492-2505,14,0,P,A,P,Q,K,E,S,T,S,S,L,A,A,A,Q,Q,Q,Q,Q,Q
cele|O61845,2492-2505,14,0,P,A,P,Q,K,E,S,T,S,S,L,A,A,A,Q,Q,Q,Q,Q,Q
cele|O61845,2492-2505,14,0,P,A,P,Q,K,E,S,T,S,S,L,A,A,A,Q,Q,Q,Q,Q,Q
pmac|A0A194QM62,760-770,11,0,R,P,P,A,L,G,F,G,S,S,E,V,R,R,A,K,K,R,H,L
cfas|CFAC1_080009500,834-848,15,0,E,E,E,V,V,A,E,E,L,E,Q,S,G,E,D,S,A,A,A,T
cfas|CFAC1_210038900,430-440,11,0,A,E,G,G,E,K,A,T,G,G,S,S,H,P,T,R,Q,Y,T,P
clup|A0A5F4D6Q8,22-31,10,0,N,G,Q,Q,G,G,G,S,E,P,G,D,K,W,K,P,P,Q,G,T
hsap|ENSG00000049618.21,336-350,15,0,G,G,G,A,G,A,G,G,A,G,G,G,G,G,G,G,G,Y,G,G
mluc|G1PPJ6,571-579,9,0,K,A,G,S,P,P,L,V,H,S,S,S,S,H,S,M,E,S,F,R
mmus|ENSMUSG00000069729.13,278-302,25,0,G,G,G,G,A,G,G,A,G,G,G,G,G,G,G,G,G,Y,G,S
phma|A0A455BRZ5,336-351,16,0,G,G,G,G,G,G,G,G,A,G,G,G,G,G,G,G,G,Y,G,G
umay|UMAG_12008,3287-3301,15,0,A,A,Q,Q,Q,A,R,Q,Q,Q,N,G,K,P,A,A,S,A,E,A
cowc|A0A0D2WTJ6,28-37,10,0,T,P,A,G,S,A,T,S,D,T,T,Y,G,G,G,L,H,R,P,V
cowc|A0A0D2VS19,91-101,11,0,L,L,L,N,N,S,S,T,T,P,L,L,A,K,S,T,A,A,A,A
cowc|A0A0D2WVH3,435-457,23,0,P,A,A,A,M,A,A,L,S,P,S,A,S,A,A,S,A,A,A,N
cowc|A0A0D2UDH7,285-297,13,0,S,P,S,K,P,K,Q,Q,T,P,T,P,A,A,A,P,T,S,T,A
cowc|A0A0D2VQR7,2225-2234,10,0,S,A,D,A,A,A,T,T,S,D,H,T,P,V,T,P,A,A,P,V
cqui|CPIJ003506,5383-5399,17,0,A,A,A,A,A,R,M,A,A,E,E,G,G,S,L,N,L,S,K,D
mmul|MACM_22827,21-30,10,0,N,G,Q,Q,G,G,G,S,E,P,G,D,K,W,K,P,P,Q,G,T
mmus|ENSMUSG00000002524.15,21-34,14,0,N,G,Q,Q,G,G,G,S,E,P,G,D,K,W,K,P,P,Q,G,T
crei|A0A2K3DUP7,287-296,10,0,V,L,S,A,L,A,A,S,P,V,E,Q,Q,D,A,D,P,A,A,V
crei|A0A2K3E138,951-961,11,0,S,D,A,G,G,G,A,G,G,P,G,D,G,H,Y,R,R,Q,A,L
crei|A0A2K3E138,3371-3390,20,0,Q,P,A,V,S,P,Q,Q,Q,E,G,G,D,P,A,A,A,A,A,A
crei|A0A2K3DW88,128-141,14,0,A,K,K,K,A,A,A,A,G,G,P,A,P,A,A,A,P,T,P,A
gmor|GMOY003374,110-127,18,0,L,F,S,K,H,L,A,I,P,G,S,S,R,Q,A,A,A,A,G,V
mcom|C1E5C7,226-239,14,0,L,H,E,D,D,D,W,E,E,V,G,A,D,L,A,P,R,G,L,P
nmen|Q9JZ11,207-216,10,0,A,A,P,A,A,A,P,P,P,T,P,S,A,P,A,A,A,K,I,D
dmel|P49657,747-757,11,0,Y,Y,G,N,M,S,S,S,S,V,S,H,L,M,M,T,D,S,S,V
dmel|Q8IN94,2669-2682,14,0,A,A,A,A,A,A,A,L,S,N,S,V,G,P,P,T,S,S,S,V
dmel|A0A499JF18,318-330,13,0,V,A,T,P,A,A,L,N,N,S,S,G,L,A,S,P,Q,P,A,V
falb|A0A058Z435,528-537,10,0,G,A,G,P,A,A,G,P,G,S,S,P,T,G,S,A,P,R,P,R
pmac|A0A194QM62,760-770,11,0,R,P,P,A,L,G,F,G,S,S,E,V,R,R,A,K,K,R,H,L
umay|UMAG_12327,183-192,10,0,Q,M,Q,G,G,L,H,R,T,S,V,D,T,S,T,E,T,G,C,A
mluc|G1PPJ6,571-579,9,0,K,A,G,S,P,P,L,V,H,S,S,S,S,H,S,M,E,S,F,R
hsap|ENSG00000049618.21,336-350,15,0,G,G,G,A,G,A,G,G,A,G,G,G,G,G,G,G,G,Y,G,G
hsap|ENSG00000049618.21,336-350,15,0,G,G,G,A,G,A,G,G,A,G,G,G,G,G,G,G,G,Y,G,G
mmus|ENSMUSG00000069729.13,278-302,25,0,G,G,G,G,A,G,G,A,G,G,G,G,G,G,G,G,G,Y,G,S
hsap|ENSG00000049618.21,336-350,15,0,G,G,G,A,G,A,G,G,A,G,G,G,G,G,G,G,G,Y,G,G
phma|A0A455BRZ5,336-351,16,0,G,G,G,G,G,G,G,G,A,G,G,G,G,G,G,G,G,Y,G,G
hsap|ENSG00000117713.17,339-349,11,0,P,A,D,M,A,S,Q,C,W,G,S,G,G,A,Q,Q,R,S,H,H
locu|W5N7H1,370-379,10,0,T,A,P,P,S,P,P,A,V,S,T,G,T,P,P,A,V,T,E,A
mluc|G1PPJ6,571-579,9,0,K,A,G,S,P,P,L,V,H,S,S,S,S,H,S,M,E,S,F,R
phma|A0A2Y9SH86,33-44,12,0,L,Q,A,A,L,M,S,P,P,P,S,S,S,S,A,S,A,A,A,S
mmus|ENSMUSG00000069729.13,278-302,25,0,G,G,G,G,A,G,G,A,G,G,G,G,G,G,G,G,G,Y,G,S
phma|A0A455BRZ5,336-351,16,0,G,G,G,G,G,G,G,G,A,G,G,G,G,G,G,G,G,Y,G,G
mmul|MACM_8289,339-352,14,0,P,A,D,M,A,S,Q,C,W,G,S,G,G,A,Q,Q,R,S,H,H
phma|A0A455BRZ5,336-351,16,0,G,G,G,G,G,G,G,G,A,G,G,G,G,G,G,G,G,Y,G,G
mmus|ENSMUSG00000069729.13,278-302,25,0,G,G,G,G,A,G,G,A,G,G,G,G,G,G,G,G,G,Y,G,S
tcas|D6WL05,4042-4051,10,0,K,N,L,R,S,S,A,S,R,S,E,Q,A,A,A,K,Q,A,E,A
sneu|SN3_01500865,390-399,10,0,T,A,V,T,A,A,S,P,S,S,L,P,L,F,L,R,A,P,G,P
sneu|SN3_02000035,124-131,8,0,P,C,A,S,V,A,D,G,G,V,T,S,R,D,A,D,G,T,S,P
tgon|TGME49_218560,1396-1428,33,0,S,P,T,S,P,L,P,S,S,S,G,P,G,A,G,A,G,V,V,G
sneu|SN3_04300130,1066-1075,10,0,A,V,S,S,S,V,T,D,D,D,E,R,F,D,A,A,V,T,M,W
sneu|SN3_04300130,1088-1098,11,0,F,D,A,A,V,T,M,W,S,P,R,P,P,F,P,R,P,P,S,P
tcas|D6WL05,4042-4051,10,0,K,N,L,R,S,S,A,S,R,S,E,Q,A,A,A,K,Q,A,E,A
vbra|Vbra_15157,433-442,10,0,A,A,K,D,A,S,S,P,P,S,S,A,A,S,P,S,Q,A,G,G
